patient_id,appointment_status,event_type,appointment_date,booking_date,care_type,agenda_id,clinician_id,service_id,section_id
PAT-001,CANCELLED,EVENT-A1,2035-01-01,2035-01-01,FOLLOW_UP,AGENDA-DEMO-01,CLINICIAN-01,SERVICE-A,SECTION-A1
PAT-001,COMPLETED,EVENT-A2,2035-01-02,2035-01-02,STANDARD,AGENDA-DEMO-01,CLINICIAN-01,SERVICE-A,SECTION-A1
PAT-001,SCHEDULED,EVENT-A3,2035-01-05,2035-01-04,STANDARD,AGENDA-DEMO-03,CLINICIAN-03,SERVICE-A,SECTION-A2
PAT-001,CANCELLED,EVENT-A4,2035-01-09,2035-01-06,STANDARD,AGENDA-DEMO-01,CLINICIAN-01,SERVICE-A,SECTION-A1
PAT-001,COMPLETED,EVENT-A5,2035-01-12,2035-01-11,FOLLOW_UP,AGENDA-DEMO-03,CLINICIAN-03,SERVICE-A,SECTION-A2
PAT-002,COMPLETED,EVENT-B1,2035-01-01,2035-01-01,FOLLOW_UP,AGENDA-DEMO-04,CLINICIAN-04,SERVICE-B,SECTION-B1
PAT-002,COMPLETED,EVENT-B2,2035-01-04,2035-01-04,FOLLOW_UP,AGENDA-DEMO-04,CLINICIAN-04,SERVICE-B,SECTION-B1
PAT-002,SCHEDULED,EVENT-B3,2035-01-08,2035-01-08,FOLLOW_UP,AGENDA-DEMO-04,CLINICIAN-04,SERVICE-B,SECTION-B1
PAT-002,SCHEDULED,EVENT-B4,2035-01-12,2035-01-09,STANDARD,AGENDA-DEMO-04,CLINICIAN-04,SERVICE-B,SECTION-B1
PAT-003,SCHEDULED,EVENT-C1,2035-01-02,2035-01-01,STANDARD,AGENDA-DEMO-06,CLINICIAN-06,SERVICE-C,SECTION-C1
PAT-003,COMPLETED,EVENT-C2,2035-01-04,2035-01-02,FOLLOW_UP,AGENDA-DEMO-06,CLINICIAN-06,SERVICE-C,SECTION-C1
PAT-003,COMPLETED,EVENT-C3,2035-01-05,2035-01-03,FOLLOW_UP,AGENDA-DEMO-07,CLINICIAN-07,SERVICE-C,SECTION-C2
PAT-003,COMPLETED,EVENT-C4,2035-01-06,2035-01-03,STANDARD,AGENDA-DEMO-06,CLINICIAN-06,SERVICE-C,SECTION-C1
PAT-003,COMPLETED,EVENT-C5,2035-01-07,2035-01-07,FOLLOW_UP,AGENDA-DEMO-07,CLINICIAN-07,SERVICE-C,SECTION-C2
PAT-003,COMPLETED,EVENT-C6,2035-01-10,2035-01-10,FOLLOW_UP,AGENDA-DEMO-06,CLINICIAN-06,SERVICE-C,SECTION-C1
PAT-004,COMPLETED,EVENT-A1,2035-01-03,2035-01-03,STANDARD,AGENDA-DEMO-01,CLINICIAN-01,SERVICE-A,SECTION-A1
PAT-004,CANCELLED,EVENT-A2,2035-01-07,2035-01-04,STANDARD,AGENDA-DEMO-01,CLINICIAN-01,SERVICE-A,SECTION-A1
PAT-004,COMPLETED,EVENT-A3,2035-01-10,2035-01-09,STANDARD,AGENDA-DEMO-03,CLINICIAN-03,SERVICE-A,SECTION-A2
PAT-004,COMPLETED,EVENT-A4,2035-01-11,2035-01-11,STANDARD,AGENDA-DEMO-01,CLINICIAN-01,SERVICE-A,SECTION-A1
PAT-004,COMPLETED,EVENT-A5,2035-01-14,2035-01-11,STANDARD,AGENDA-DEMO-03,CLINICIAN-03,SERVICE-A,SECTION-A2
PAT-005,COMPLETED,EVENT-B1,2035-01-03,2035-01-01,STANDARD,AGENDA-DEMO-04,CLINICIAN-04,SERVICE-B,SECTION-B1
PAT-005,SCHEDULED,EVENT-B2,2035-01-04,2035-01-01,FOLLOW_UP,AGENDA-DEMO-04,CLINICIAN-04,SERVICE-B,SECTION-B1
PAT-005,COMPLETED,EVENT-B3,2035-01-05,2035-01-03,STANDARD,AGENDA-DEMO-04,CLINICIAN-04,SERVICE-B,SECTION-B1
PAT-005,COMPLETED,EVENT-B4,2035-01-06,2035-01-04,FOLLOW_UP,AGENDA-DEMO-04,CLINICIAN-04,SERVICE-B,SECTION-B1
PAT-006,COMPLETED,EVENT-C1,2035-01-03,2035-01-02,FOLLOW_UP,AGENDA-DEMO-06,CLINICIAN-06,SERVICE-C,SECTION-C1
PAT-006,COMPLETED,EVENT-C2,2035-01-06,2035-01-05,FOLLOW_UP,AGENDA-DEMO-06,CLINICIAN-06,SERVICE-C,SECTION-C1
PAT-006,COMPLETED,EVENT-C3,2035-01-10,2035-01-07,FOLLOW_UP,AGENDA-DEMO-07,CLINICIAN-07,SERVICE-C,SECTION-C2
PAT-006,COMPLETED,EVENT-C4,2035-01-13,2035-01-13,FOLLOW_UP,AGENDA-DEMO-06,CLINICIAN-06,SERVICE-C,SECTION-C1
PAT-006,COMPLETED,EVENT-C5,2035-01-16,2035-01-16,STANDARD,AGENDA-DEMO-07,CLINICIAN-07,SERVICE-C,SECTION-C2
PAT-006,CANCELLED,EVENT-C6,2035-01-20,2035-01-20,FOLLOW_UP,AGENDA-DEMO-06,CLINICIAN-06,SERVICE-C,SECTION-C1
PAT-007,COMPLETED,EVENT-A1,2035-01-03,2035-01-01,FOLLOW_UP,AGENDA-DEMO-01,CLINICIAN-01,SERVICE-A,SECTION-A1
PAT-007,COMPLETED,EVENT-A2,2035-01-07,2035-01-04,STANDARD,AGENDA-DEMO-01,CLINICIAN-01,SERVICE-A,SECTION-A1
PAT-007,SCHEDULED,EVENT-A3,2035-01-09,2035-01-06,STANDARD,AGENDA-DEMO-03,CLINICIAN-03,SERVICE-A,SECTION-A2
PAT-007,COMPLETED,EVENT-A4,2035-01-10,2035-01-09,FOLLOW_UP,AGENDA-DEMO-01,CLINICIAN-01,SERVICE-A,SECTION-A1
PAT-007,COMPLETED,EVENT-A5,2035-01-14,2035-01-11,STANDARD,AGENDA-DEMO-03,CLINICIAN-03,SERVICE-A,SECTION-A2
PAT-008,COMPLETED,EVENT-B1,2035-01-02,2035-01-02,STANDARD,AGENDA-DEMO-04,CLINICIAN-04,SERVICE-B,SECTION-B1
PAT-008,SCHEDULED,EVENT-B2,2035-01-03,2035-01-01,STANDARD,AGENDA-DEMO-04,CLINICIAN-04,SERVICE-B,SECTION-B1
PAT-008,COMPLETED,EVENT-B3,2035-01-05,2035-01-03,STANDARD,AGENDA-DEMO-04,CLINICIAN-04,SERVICE-B,SECTION-B1
PAT-008,SCHEDULED,EVENT-B4,2035-01-09,2035-01-07,FOLLOW_UP,AGENDA-DEMO-04,CLINICIAN-04,SERVICE-B,SECTION-B1
PAT-009,COMPLETED,EVENT-C1,2035-01-01,2035-01-01,STANDARD,AGENDA-DEMO-06,CLINICIAN-06,SERVICE-C,SECTION-C1
PAT-009,SCHEDULED,EVENT-C2,2035-01-03,2035-01-03,STANDARD,AGENDA-DEMO-06,CLINICIAN-06,SERVICE-C,SECTION-C1
PAT-009,CANCELLED,EVENT-C3,2035-01-05,2035-01-02,STANDARD,AGENDA-DEMO-07,CLINICIAN-07,SERVICE-C,SECTION-C2
PAT-009,COMPLETED,EVENT-C4,2035-01-08,2035-01-08,FOLLOW_UP,AGENDA-DEMO-06,CLINICIAN-06,SERVICE-C,SECTION-C1
PAT-009,COMPLETED,EVENT-C5,2035-01-09,2035-01-08,STANDARD,AGENDA-DEMO-07,CLINICIAN-07,SERVICE-C,SECTION-C2
PAT-009,COMPLETED,EVENT-C6,2035-01-12,2035-01-12,FOLLOW_UP,AGENDA-DEMO-06,CLINICIAN-06,SERVICE-C,SECTION-C1
PAT-010,SCHEDULED,EVENT-A1,2035-01-01,2035-01-01,FOLLOW_UP,AGENDA-DEMO-01,CLINICIAN-01,SERVICE-A,SECTION-A1
PAT-010,COMPLETED,EVENT-A2,2035-01-05,2035-01-04,FOLLOW_UP,AGENDA-DEMO-01,CLINICIAN-01,SERVICE-A,SECTION-A1
PAT-010,SCHEDULED,EVENT-A3,2035-01-08,2035-01-06,FOLLOW_UP,AGENDA-DEMO-03,CLINICIAN-03,SERVICE-A,SECTION-A2
PAT-010,COMPLETED,EVENT-A4,2035-01-11,2035-01-11,FOLLOW_UP,AGENDA-DEMO-01,CLINICIAN-01,SERVICE-A,SECTION-A1
PAT-010,COMPLETED,EVENT-A5,2035-01-12,2035-01-12,STANDARD,AGENDA-DEMO-03,CLINICIAN-03,SERVICE-A,SECTION-A2
