patient_id,pathway_id,event_number,event_id,agenda_id,event_type,min_spacing_days,preferred_max_spacing_days,dependencies,clinician_id,service_id,section_id,modality,resource_mode,overbooking_allowed
PAT-001,PATHWAY-A,1,EVENT-A1,AGENDA-DEMO-01,EVENT-A1,0,2,[],CLINICIAN-01,SERVICE-A,SECTION-A1,IN_PERSON,COMPATIBLE_SET,False
PAT-001,PATHWAY-A,2,EVENT-A2,AGENDA-DEMO-01,EVENT-A2,2,5,[1],CLINICIAN-01,SERVICE-A,SECTION-A1,IN_PERSON,COMPATIBLE_SET,True
PAT-001,PATHWAY-A,3,EVENT-A3,AGENDA-DEMO-03,EVENT-A3,1,4,[1],CLINICIAN-03,SERVICE-A,SECTION-A2,REMOTE,FIXED,False
PAT-001,PATHWAY-A,4,EVENT-A4,AGENDA-DEMO-01,EVENT-A4,3,7,[2],CLINICIAN-01,SERVICE-A,SECTION-A1,IN_PERSON,COMPATIBLE_SET,True
PAT-001,PATHWAY-A,5,EVENT-A5,AGENDA-DEMO-03,EVENT-A5,2,6,"[2,3]",CLINICIAN-03,SERVICE-A,SECTION-A2,REMOTE,FIXED,False
PAT-002,PATHWAY-B,1,EVENT-B1,AGENDA-DEMO-04,EVENT-B1,0,1,[],CLINICIAN-04,SERVICE-B,SECTION-B1,IN_PERSON,COMPATIBLE_SET,False
PAT-002,PATHWAY-B,2,EVENT-B2,AGENDA-DEMO-04,EVENT-B2,1,3,[1],CLINICIAN-04,SERVICE-B,SECTION-B1,IN_PERSON,COMPATIBLE_SET,True
PAT-002,PATHWAY-B,3,EVENT-B3,AGENDA-DEMO-04,EVENT-B3,4,8,[2],CLINICIAN-04,SERVICE-B,SECTION-B1,REMOTE,COMPATIBLE_SET,False
PAT-002,PATHWAY-B,4,EVENT-B4,AGENDA-DEMO-04,EVENT-B4,2,5,[3],CLINICIAN-04,SERVICE-B,SECTION-B1,IN_PERSON,COMPATIBLE_SET,True
PAT-003,PATHWAY-C,1,EVENT-C1,AGENDA-DEMO-06,EVENT-C1,0,3,[],CLINICIAN-06,SERVICE-C,SECTION-C1,IN_PERSON,FIXED,False
PAT-003,PATHWAY-C,2,EVENT-C2,AGENDA-DEMO-06,EVENT-C2,3,6,[1],CLINICIAN-06,SERVICE-C,SECTION-C1,IN_PERSON,FIXED,True
PAT-003,PATHWAY-C,3,EVENT-C3,AGENDA-DEMO-07,EVENT-C3,2,5,[2],CLINICIAN-07,SERVICE-C,SECTION-C2,REMOTE,FIXED,False
PAT-003,PATHWAY-C,4,EVENT-C4,AGENDA-DEMO-06,EVENT-C4,5,9,[2],CLINICIAN-06,SERVICE-C,SECTION-C1,IN_PERSON,FIXED,True
PAT-003,PATHWAY-C,5,EVENT-C5,AGENDA-DEMO-07,EVENT-C5,1,4,"[3,4]",CLINICIAN-07,SERVICE-C,SECTION-C2,REMOTE,FIXED,False
PAT-003,PATHWAY-C,6,EVENT-C6,AGENDA-DEMO-06,EVENT-C6,31,35,[5],CLINICIAN-06,SERVICE-C,SECTION-C1,IN_PERSON,FIXED,True
PAT-004,PATHWAY-A,1,EVENT-A1,AGENDA-DEMO-01,EVENT-A1,0,2,[],CLINICIAN-01,SERVICE-A,SECTION-A1,IN_PERSON,COMPATIBLE_SET,False
PAT-004,PATHWAY-A,2,EVENT-A2,AGENDA-DEMO-01,EVENT-A2,2,5,[1],CLINICIAN-01,SERVICE-A,SECTION-A1,IN_PERSON,COMPATIBLE_SET,True
PAT-004,PATHWAY-A,3,EVENT-A3,AGENDA-DEMO-03,EVENT-A3,1,4,[1],CLINICIAN-03,SERVICE-A,SECTION-A2,REMOTE,FIXED,False
PAT-004,PATHWAY-A,4,EVENT-A4,AGENDA-DEMO-01,EVENT-A4,3,7,[2],CLINICIAN-01,SERVICE-A,SECTION-A1,IN_PERSON,COMPATIBLE_SET,True
PAT-004,PATHWAY-A,5,EVENT-A5,AGENDA-DEMO-08,EVENT-A5,2,6,"[2,3]",CLINICIAN-08,SERVICE-D,SECTION-D1,IN_PERSON,FIXED,False
