block_id,clinician_id,date,active,base_capacity,overbooking_capacity,resource_mapping_key,agenda_id,schedule_key,modality,event_type
SUPPLY-BLOCK-003,CLINICIAN-01,2035-01-01,True,3,0,MAP-A1,AGENDA-DEMO-01,SCHEDULE-DEMO-003,IN_PERSON,EVENT-A1
SUPPLY-BLOCK-041,CLINICIAN-05,2035-01-01,True,4,0,MAP-B2,AGENDA-DEMO-05,SCHEDULE-DEMO-041,REMOTE,EVENT-B3
SUPPLY-BLOCK-001,CLINICIAN-01,2035-01-02,True,1,0,MAP-A1,AGENDA-DEMO-01,SCHEDULE-DEMO-001,IN_PERSON,EVENT-A2
SUPPLY-BLOCK-011,CLINICIAN-02,2035-01-02,True,4,2,MAP-A2,AGENDA-DEMO-02,SCHEDULE-DEMO-011,IN_PERSON,EVENT-A4
SUPPLY-BLOCK-031,CLINICIAN-04,2035-01-02,True,4,0,MAP-B1,AGENDA-DEMO-04,SCHEDULE-DEMO-031,IN_PERSON,EVENT-B2
SUPPLY-BLOCK-061,CLINICIAN-07,2035-01-02,True,4,0,MAP-C2,AGENDA-DEMO-07,SCHEDULE-DEMO-061,REMOTE,EVENT-C5
SUPPLY-BLOCK-002,CLINICIAN-01,2035-01-03,True,1,2,MAP-A1,AGENDA-DEMO-01,SCHEDULE-DEMO-002,IN_PERSON,EVENT-A4
SUPPLY-BLOCK-013,CLINICIAN-02,2035-01-03,True,2,2,MAP-A2,AGENDA-DEMO-02,SCHEDULE-DEMO-013,IN_PERSON,EVENT-A2
SUPPLY-BLOCK-021,CLINICIAN-03,2035-01-03,True,4,0,MAP-A3,AGENDA-DEMO-03,SCHEDULE-DEMO-021,REMOTE,EVENT-A3
SUPPLY-BLOCK-062,CLINICIAN-07,2035-01-03,True,2,2,MAP-C2,AGENDA-DEMO-07,SCHEDULE-DEMO-062,REMOTE,EVENT-C3
SUPPLY-BLOCK-012,CLINICIAN-02,2035-01-04,True,2,2,MAP-A2,AGENDA-DEMO-02,SCHEDULE-DEMO-012,IN_PERSON,EVENT-A1
SUPPLY-BLOCK-022,CLINICIAN-03,2035-01-04,True,4,0,MAP-A3,AGENDA-DEMO-03,SCHEDULE-DEMO-022,REMOTE,EVENT-A5
SUPPLY-BLOCK-034,CLINICIAN-04,2035-01-04,True,4,0,MAP-B1,AGENDA-DEMO-04,SCHEDULE-DEMO-034,IN_PERSON,EVENT-B1
SUPPLY-BLOCK-042,CLINICIAN-05,2035-01-05,True,2,2,MAP-B2,AGENDA-DEMO-05,SCHEDULE-DEMO-042,IN_PERSON,EVENT-B4
SUPPLY-BLOCK-044,CLINICIAN-05,2035-01-05,True,3,0,MAP-B2,AGENDA-DEMO-05,SCHEDULE-DEMO-044,IN_PERSON,EVENT-B2
SUPPLY-BLOCK-071,CLINICIAN-08,2035-01-05,True,2,2,MAP-D1,AGENDA-DEMO-08,SCHEDULE-DEMO-071,IN_PERSON,EVENT-D1
SUPPLY-BLOCK-072,CLINICIAN-08,2035-01-06,True,1,2,MAP-D1,AGENDA-DEMO-08,SCHEDULE-DEMO-072,IN_PERSON,EVENT-D2
SUPPLY-BLOCK-051,CLINICIAN-06,2035-01-07,True,1,1,MAP-C1,AGENDA-DEMO-06,SCHEDULE-DEMO-051,IN_PERSON,EVENT-C6
SUPPLY-BLOCK-052,CLINICIAN-06,2035-01-08,True,3,0,MAP-C1,AGENDA-DEMO-06,SCHEDULE-DEMO-052,IN_PERSON,EVENT-C1
SUPPLY-BLOCK-023,CLINICIAN-03,2035-01-09,True,4,2,MAP-A3,AGENDA-DEMO-03,SCHEDULE-DEMO-023,REMOTE,EVENT-A3
SUPPLY-BLOCK-032,CLINICIAN-04,2035-01-09,True,2,1,MAP-B1,AGENDA-DEMO-04,SCHEDULE-DEMO-032,REMOTE,EVENT-B3
SUPPLY-BLOCK-043,CLINICIAN-05,2035-01-09,True,2,1,MAP-B2,AGENDA-DEMO-05,SCHEDULE-DEMO-043,IN_PERSON,EVENT-B1
SUPPLY-BLOCK-004,CLINICIAN-01,2035-01-10,True,2,2,MAP-A1,AGENDA-DEMO-01,SCHEDULE-DEMO-004,IN_PERSON,EVENT-A2
SUPPLY-BLOCK-073,CLINICIAN-08,2035-01-10,True,3,0,MAP-D1,AGENDA-DEMO-08,SCHEDULE-DEMO-073,IN_PERSON,EVENT-D1
SUPPLY-BLOCK-033,CLINICIAN-04,2035-01-11,True,4,2,MAP-B1,AGENDA-DEMO-04,SCHEDULE-DEMO-033,IN_PERSON,EVENT-B4
SUPPLY-BLOCK-053,CLINICIAN-06,2035-01-11,True,3,0,MAP-C1,AGENDA-DEMO-06,SCHEDULE-DEMO-053,IN_PERSON,EVENT-C2
SUPPLY-BLOCK-063,CLINICIAN-07,2035-01-11,True,4,1,MAP-C2,AGENDA-DEMO-07,SCHEDULE-DEMO-063,REMOTE,EVENT-C5
SUPPLY-BLOCK-074,CLINICIAN-08,2035-01-11,True,2,1,MAP-D1,AGENDA-DEMO-08,SCHEDULE-DEMO-074,IN_PERSON,EVENT-D2
SUPPLY-BLOCK-014,CLINICIAN-02,2035-01-12,True,4,1,MAP-A2,AGENDA-DEMO-02,SCHEDULE-DEMO-014,IN_PERSON,EVENT-A4
SUPPLY-BLOCK-064,CLINICIAN-07,2035-01-12,True,2,1,MAP-C2,AGENDA-DEMO-07,SCHEDULE-DEMO-064,REMOTE,EVENT-C3
SUPPLY-BLOCK-005,CLINICIAN-01,2035-01-14,True,3,1,MAP-A1,AGENDA-DEMO-01,SCHEDULE-DEMO-005,IN_PERSON,EVENT-A4
SUPPLY-BLOCK-045,CLINICIAN-05,2035-01-14,True,1,0,MAP-B2,AGENDA-DEMO-05,SCHEDULE-DEMO-045,REMOTE,EVENT-B3
SUPPLY-BLOCK-075,CLINICIAN-08,2035-01-14,True,2,0,MAP-D1,AGENDA-DEMO-08,SCHEDULE-DEMO-075,IN_PERSON,EVENT-D1
SUPPLY-BLOCK-015,CLINICIAN-02,2035-01-15,True,1,1,MAP-A2,AGENDA-DEMO-02,SCHEDULE-DEMO-015,IN_PERSON,EVENT-A1
SUPPLY-BLOCK-024,CLINICIAN-03,2035-01-15,True,4,1,MAP-A3,AGENDA-DEMO-03,SCHEDULE-DEMO-024,REMOTE,EVENT-A5
SUPPLY-BLOCK-065,CLINICIAN-07,2035-01-15,True,3,1,MAP-C2,AGENDA-DEMO-07,SCHEDULE-DEMO-065,REMOTE,EVENT-C5
SUPPLY-BLOCK-076,CLINICIAN-08,2035-01-15,True,3,2,MAP-D1,AGENDA-DEMO-08,SCHEDULE-DEMO-076,IN_PERSON,EVENT-D2
SUPPLY-BLOCK-006,CLINICIAN-01,2035-01-16,True,2,0,MAP-A1,AGENDA-DEMO-01,SCHEDULE-DEMO-006,IN_PERSON,EVENT-A1
SUPPLY-BLOCK-016,CLINICIAN-02,2035-01-16,True,4,0,MAP-A2,AGENDA-DEMO-02,SCHEDULE-DEMO-016,IN_PERSON,EVENT-A2
SUPPLY-BLOCK-035,CLINICIAN-04,2035-01-16,True,4,0,MAP-B1,AGENDA-DEMO-04,SCHEDULE-DEMO-035,IN_PERSON,EVENT-B2
SUPPLY-BLOCK-054,CLINICIAN-06,2035-01-16,True,4,1,MAP-C1,AGENDA-DEMO-06,SCHEDULE-DEMO-054,IN_PERSON,EVENT-C4
SUPPLY-BLOCK-025,CLINICIAN-03,2035-01-17,True,2,2,MAP-A3,AGENDA-DEMO-03,SCHEDULE-DEMO-025,REMOTE,EVENT-A3
SUPPLY-BLOCK-026,CLINICIAN-03,2035-01-18,True,2,2,MAP-A3,AGENDA-DEMO-03,SCHEDULE-DEMO-026,REMOTE,EVENT-A5
SUPPLY-BLOCK-036,CLINICIAN-04,2035-01-18,True,4,0,MAP-B1,AGENDA-DEMO-04,SCHEDULE-DEMO-036,REMOTE,EVENT-B3
SUPPLY-BLOCK-007,CLINICIAN-01,2035-01-19,True,1,1,MAP-A1,AGENDA-DEMO-01,SCHEDULE-DEMO-007,IN_PERSON,EVENT-A2
SUPPLY-BLOCK-017,CLINICIAN-02,2035-01-19,True,2,0,MAP-A2,AGENDA-DEMO-02,SCHEDULE-DEMO-017,IN_PERSON,EVENT-A4
SUPPLY-BLOCK-027,CLINICIAN-03,2035-01-19,True,3,1,MAP-A3,AGENDA-DEMO-03,SCHEDULE-DEMO-027,REMOTE,EVENT-A3
SUPPLY-BLOCK-046,CLINICIAN-05,2035-01-19,True,3,1,MAP-B2,AGENDA-DEMO-05,SCHEDULE-DEMO-046,IN_PERSON,EVENT-B4
SUPPLY-BLOCK-055,CLINICIAN-06,2035-01-19,True,3,0,MAP-C1,AGENDA-DEMO-06,SCHEDULE-DEMO-055,IN_PERSON,EVENT-C6
SUPPLY-BLOCK-066,CLINICIAN-07,2035-01-19,True,2,0,MAP-C2,AGENDA-DEMO-07,SCHEDULE-DEMO-066,REMOTE,EVENT-C3
SUPPLY-BLOCK-037,CLINICIAN-04,2035-01-20,True,4,0,MAP-B1,AGENDA-DEMO-04,SCHEDULE-DEMO-037,IN_PERSON,EVENT-B4
SUPPLY-BLOCK-047,CLINICIAN-05,2035-01-20,True,3,1,MAP-B2,AGENDA-DEMO-05,SCHEDULE-DEMO-047,IN_PERSON,EVENT-B1
SUPPLY-BLOCK-056,CLINICIAN-06,2035-01-20,True,2,2,MAP-C1,AGENDA-DEMO-06,SCHEDULE-DEMO-056,IN_PERSON,EVENT-C1
SUPPLY-BLOCK-008,CLINICIAN-01,2035-01-21,True,4,0,MAP-A1,AGENDA-DEMO-01,SCHEDULE-DEMO-008,IN_PERSON,EVENT-A4
SUPPLY-BLOCK-028,CLINICIAN-03,2035-01-21,True,3,1,MAP-A3,AGENDA-DEMO-03,SCHEDULE-DEMO-028,REMOTE,EVENT-A5
SUPPLY-BLOCK-038,CLINICIAN-04,2035-01-21,True,2,1,MAP-B1,AGENDA-DEMO-04,SCHEDULE-DEMO-038,IN_PERSON,EVENT-B1
SUPPLY-BLOCK-018,CLINICIAN-02,2035-01-22,True,3,1,MAP-A2,AGENDA-DEMO-02,SCHEDULE-DEMO-018,IN_PERSON,EVENT-A1
SUPPLY-BLOCK-048,CLINICIAN-05,2035-01-22,True,4,0,MAP-B2,AGENDA-DEMO-05,SCHEDULE-DEMO-048,IN_PERSON,EVENT-B2
SUPPLY-BLOCK-057,CLINICIAN-06,2035-01-22,True,1,2,MAP-C1,AGENDA-DEMO-06,SCHEDULE-DEMO-057,IN_PERSON,EVENT-C2
SUPPLY-BLOCK-067,CLINICIAN-07,2035-01-22,True,1,2,MAP-C2,AGENDA-DEMO-07,SCHEDULE-DEMO-067,REMOTE,EVENT-C5
SUPPLY-BLOCK-009,CLINICIAN-01,2035-01-23,True,4,2,MAP-A1,AGENDA-DEMO-01,SCHEDULE-DEMO-009,IN_PERSON,EVENT-A1
SUPPLY-BLOCK-058,CLINICIAN-06,2035-01-23,True,2,2,MAP-C1,AGENDA-DEMO-06,SCHEDULE-DEMO-058,IN_PERSON,EVENT-C4
SUPPLY-BLOCK-068,CLINICIAN-07,2035-01-23,True,2,1,MAP-C2,AGENDA-DEMO-07,SCHEDULE-DEMO-068,REMOTE,EVENT-C3
SUPPLY-BLOCK-077,CLINICIAN-08,2035-01-23,True,1,0,MAP-D1,AGENDA-DEMO-08,SCHEDULE-DEMO-077,IN_PERSON,EVENT-D1
SUPPLY-BLOCK-019,CLINICIAN-02,2035-01-24,True,2,0,MAP-A2,AGENDA-DEMO-02,SCHEDULE-DEMO-019,IN_PERSON,EVENT-A2
SUPPLY-BLOCK-029,CLINICIAN-03,2035-01-24,True,1,0,MAP-A3,AGENDA-DEMO-03,SCHEDULE-DEMO-029,REMOTE,EVENT-A3
SUPPLY-BLOCK-039,CLINICIAN-04,2035-01-24,True,1,1,MAP-B1,AGENDA-DEMO-04,SCHEDULE-DEMO-039,IN_PERSON,EVENT-B2
SUPPLY-BLOCK-059,CLINICIAN-06,2035-01-24,True,3,1,MAP-C1,AGENDA-DEMO-06,SCHEDULE-DEMO-059,IN_PERSON,EVENT-C6
SUPPLY-BLOCK-069,CLINICIAN-07,2035-01-24,True,2,2,MAP-C2,AGENDA-DEMO-07,SCHEDULE-DEMO-069,REMOTE,EVENT-C5
SUPPLY-BLOCK-078,CLINICIAN-08,2035-01-24,True,1,1,MAP-D1,AGENDA-DEMO-08,SCHEDULE-DEMO-078,IN_PERSON,EVENT-D2
SUPPLY-BLOCK-049,CLINICIAN-05,2035-01-25,True,2,0,MAP-B2,AGENDA-DEMO-05,SCHEDULE-DEMO-049,REMOTE,EVENT-B3
SUPPLY-BLOCK-020,CLINICIAN-02,2035-01-26,True,3,2,MAP-A2,AGENDA-DEMO-02,SCHEDULE-DEMO-020,IN_PERSON,EVENT-A4
SUPPLY-BLOCK-030,CLINICIAN-03,2035-01-26,True,1,0,MAP-A3,AGENDA-DEMO-03,SCHEDULE-DEMO-030,REMOTE,EVENT-A5
SUPPLY-BLOCK-040,CLINICIAN-04,2035-01-26,True,3,2,MAP-B1,AGENDA-DEMO-04,SCHEDULE-DEMO-040,REMOTE,EVENT-B3
SUPPLY-BLOCK-060,CLINICIAN-06,2035-01-26,True,2,1,MAP-C1,AGENDA-DEMO-06,SCHEDULE-DEMO-060,IN_PERSON,EVENT-C1
SUPPLY-BLOCK-079,CLINICIAN-08,2035-01-26,True,3,2,MAP-D1,AGENDA-DEMO-08,SCHEDULE-DEMO-079,IN_PERSON,EVENT-D1
SUPPLY-BLOCK-050,CLINICIAN-05,2035-01-27,True,2,2,MAP-B2,AGENDA-DEMO-05,SCHEDULE-DEMO-050,IN_PERSON,EVENT-B4
SUPPLY-BLOCK-010,CLINICIAN-01,2035-01-28,True,2,1,MAP-A1,AGENDA-DEMO-01,SCHEDULE-DEMO-010,IN_PERSON,EVENT-A2
SUPPLY-BLOCK-070,CLINICIAN-07,2035-01-28,True,1,0,MAP-C2,AGENDA-DEMO-07,SCHEDULE-DEMO-070,REMOTE,EVENT-C3
SUPPLY-BLOCK-080,CLINICIAN-08,2035-01-28,True,4,2,MAP-D1,AGENDA-DEMO-08,SCHEDULE-DEMO-080,IN_PERSON,EVENT-D2
